station_id,Restaurant,Cafe,Pizza,Bakery,Sandwich,Fast Food,Desserts,Bar,Burgers,Park,number of bikes
7000,15,20,0,0,5,3,2,4,1,4,34
7001,11,14,1,1,1,3,4,3,2,2,16
7002,15,13,2,1,2,1,0,4,2,3,3
7003,13,12,2,1,0,1,2,3,2,3,4
7004,10,13,2,0,9,4,0,2,1,2,0
7005,8,13,0,0,6,3,1,1,3,0,3
7006,12,16,3,0,7,6,1,4,1,2,3
7007,15,12,1,4,1,3,2,7,2,1,1
7008,12,20,1,0,5,8,1,3,0,2,1
7009,18,11,3,1,6,4,0,5,1,0,8
7010,18,11,6,0,5,0,4,8,1,1,13
7012,8,10,0,0,2,2,2,3,1,1,3
7014,11,12,3,2,8,3,1,6,2,0,17
7015,13,11,2,0,5,6,1,1,3,0,6
7016,8,12,2,0,1,5,0,3,2,2,9
7018,12,8,5,0,2,4,2,5,2,3,5
7020,13,14,3,2,4,4,4,4,3,0,16
7021,8,7,0,0,1,1,3,2,4,0,5
7022,8,12,0,1,5,2,4,3,2,0,8
7023,21,9,3,4,3,0,2,13,1,0,2
7024,12,14,4,1,0,1,2,6,2,0,15
7025,14,20,3,1,5,11,2,6,3,1,5
7026,9,8,1,0,2,4,3,4,1,2,5
7027,9,9,0,2,0,3,2,5,1,0,23
7028,9,13,4,0,4,3,4,4,5,1,5
7029,19,15,5,0,2,3,3,3,1,3,5
7030,10,12,2,0,3,5,5,2,1,3,21
7031,12,20,3,2,3,9,1,8,4,0,11
7032,20,13,1,3,4,0,3,8,2,0,14
7033,10,11,1,0,4,6,1,1,2,1,4
7034,16,19,2,1,4,8,2,5,3,1,1
7035,19,12,3,5,3,1,4,5,3,3,23
7036,17,20,4,2,4,2,5,5,0,2,16
7037,25,12,3,5,7,5,2,8,2,0,7
7038,10,9,3,0,2,13,2,1,5,1,5
7039,6,9,0,0,4,2,3,3,1,0,2
7040,8,11,0,3,0,3,1,1,0,3,3
7041,13,9,2,0,3,5,4,4,1,1,5
7042,12,12,4,2,3,5,0,8,3,0,24
7043,14,12,6,0,3,7,2,4,4,3,12
7044,16,14,5,1,0,1,1,7,2,1,11
7045,14,15,1,2,5,3,0,3,3,0,0
7046,19,11,1,4,5,1,4,8,3,2,19
7047,14,18,2,0,10,6,0,3,1,2,0
7048,10,13,1,0,6,9,0,1,1,0,1
7049,14,10,4,3,2,3,2,9,2,1,8
7050,18,13,2,1,4,3,2,2,2,0,0
7052,14,8,1,0,11,9,0,1,2,0,4
7053,16,5,2,0,8,7,1,2,3,1,20
7054,13,12,4,0,3,2,1,6,1,4,8
7055,4,9,3,1,3,4,2,6,5,1,13
7056,15,11,6,2,6,0,2,4,1,2,20
7057,16,6,2,0,11,8,1,2,3,1,2
7058,17,12,4,4,1,0,3,6,1,2,7
7059,17,7,7,0,3,3,1,5,5,2,11
7061,9,11,2,2,2,1,4,2,4,2,1
7062,12,19,3,2,10,5,0,2,1,3,0
7063,9,12,1,0,1,1,2,4,1,3,0
7064,19,20,3,1,5,1,5,5,1,3,18
7065,15,11,5,2,5,4,1,2,6,3,8
7066,16,18,5,4,2,1,2,2,1,2,4
7067,10,10,1,0,2,7,1,4,3,2,30
7068,5,8,3,0,1,4,1,1,3,0,5
7069,11,12,3,1,6,5,0,4,4,1,7
7070,11,10,1,0,2,6,2,2,2,2,7
7071,8,11,5,1,3,4,1,7,2,1,14
7072,11,15,1,2,5,1,5,5,0,6,19
7073,16,17,2,0,3,2,2,5,1,5,20
7074,18,11,3,1,7,2,1,4,1,0,6
7075,12,14,0,1,4,2,3,5,0,5,23
7076,10,11,3,0,2,9,2,2,2,3,30
7077,7,8,3,0,3,4,0,2,0,1,3
7078,21,12,3,3,2,1,5,9,3,0,3
7079,7,9,4,1,3,7,2,4,4,1,14
7083,8,11,7,0,4,4,5,1,0,2,6
7084,8,5,2,0,1,1,1,1,1,2,9
7085,12,13,4,1,4,4,5,2,1,3,12
7086,16,11,5,1,3,3,6,4,2,1,2
7087,8,13,4,3,2,2,3,3,3,4,1
7088,5,9,2,1,3,3,4,4,3,2,5
7089,11,14,4,1,2,3,1,6,3,1,10
7090,6,7,2,3,3,3,4,6,3,2,10
7091,8,6,11,4,5,3,0,2,7,2,3
7092,7,4,7,3,4,2,3,1,4,4,5
7093,5,7,2,1,4,3,6,1,5,3,10
7094,7,7,0,1,4,1,6,1,3,2,2
7095,8,7,7,0,2,3,2,1,4,2,5
7096,1,5,3,1,2,3,2,0,2,2,16
7097,12,7,7,3,2,3,2,3,3,3,7
7099,16,22,2,2,3,2,5,6,0,2,9
7100,14,13,6,2,3,4,1,5,6,2,23
7101,14,13,7,1,7,7,3,3,1,0,26
7102,9,10,2,1,4,5,1,6,5,1,12
7103,17,14,1,3,6,4,1,5,2,0,14
7104,23,19,3,3,4,3,1,3,2,2,12
7105,18,16,6,2,4,4,1,3,5,1,13
7106,20,20,3,2,2,1,5,7,0,1,27
7107,15,21,2,2,2,2,5,6,1,2,13
7108,18,22,4,2,2,2,5,7,0,2,11
7109,12,12,7,2,4,2,2,5,5,0,32
7110,17,13,4,1,6,3,1,2,5,1,13
7111,20,10,6,7,4,6,0,4,5,1,9
7112,16,11,5,3,4,6,1,2,4,2,4
7114,12,9,3,2,6,2,2,5,0,2,20
7115,12,18,3,2,6,11,1,7,5,1,6
7117,9,6,7,1,0,4,0,3,4,2,10
7118,13,8,1,0,7,7,1,1,4,0,3
7119,14,8,4,3,6,2,2,4,0,3,7
7120,14,10,1,3,1,3,3,5,2,2,6
7121,14,14,5,0,4,3,2,5,4,0,13
7122,20,11,8,4,4,5,4,8,2,3,13
7123,15,7,4,0,4,0,4,9,3,2,14
7124,18,8,2,2,2,3,2,4,2,2,12
7126,16,16,5,0,1,4,4,4,2,1,7
7127,18,10,5,1,1,2,7,4,1,4,8
7128,16,12,3,1,4,3,3,3,2,1,0
7129,18,12,3,1,1,3,5,3,2,1,2
7130,14,10,4,0,1,2,2,5,1,3,1
7131,17,12,1,1,2,3,1,6,2,3,8
7132,12,14,2,1,0,1,3,3,3,2,7
7133,13,13,5,2,3,2,2,1,0,4,1
7135,19,8,6,3,5,5,1,4,6,1,0
7136,11,12,3,2,1,1,1,4,2,1,15
7137,10,9,2,1,3,4,4,1,2,3,3
7138,13,14,3,1,6,4,6,4,2,1,3
7139,6,9,5,0,3,2,3,3,2,2,2
7140,7,11,5,0,4,2,2,3,3,4,0
7141,11,11,6,0,4,2,4,4,4,4,1
7142,14,8,4,0,4,3,5,3,4,2,4
7143,14,11,6,2,3,3,4,2,4,1,8
7144,11,9,5,0,4,2,1,1,2,3,3
7146,8,12,3,1,6,4,4,5,3,2,16
7147,14,11,5,3,5,4,1,3,4,2,14
7148,18,12,5,3,4,6,1,3,4,3,21
7149,15,10,3,2,2,1,1,3,2,3,8
7150,9,11,2,2,3,9,3,4,1,1,3
7151,15,10,1,5,3,1,2,3,2,3,2
7152,8,7,5,4,1,3,1,3,5,2,2
7153,10,9,0,4,3,1,1,2,1,2,0
7154,13,7,3,2,5,2,2,2,5,2,0
7155,12,9,3,2,5,2,2,3,5,2,9
7156,15,9,5,5,2,4,2,5,4,2,1
7157,17,11,5,5,1,3,3,9,1,1,1
7158,23,11,4,6,6,3,3,6,4,2,12
7160,21,12,9,4,5,5,3,8,2,1,19
7161,18,15,2,3,1,1,2,4,0,1,10
7162,13,18,4,0,10,4,0,1,0,2,14
7163,11,12,2,1,1,8,0,5,3,2,8
7164,11,5,2,0,3,8,3,4,4,1,2
7168,7,10,2,0,1,7,1,3,2,2,22
7169,11,12,0,0,7,9,0,1,0,1,5
7170,19,16,5,4,2,0,3,5,2,2,4
7171,7,1,6,0,3,5,1,1,4,5,0
7172,11,2,4,1,3,3,1,4,1,5,0
7173,8,8,5,1,6,3,1,6,3,4,7
7174,15,13,5,2,2,2,2,6,4,2,4
7175,13,12,4,0,3,4,2,5,3,4,9
7176,13,14,1,1,5,1,5,4,1,5,14
7178,14,15,6,1,2,2,3,4,4,2,6
7180,12,13,6,1,5,0,4,7,2,2,4
7181,13,10,8,0,9,6,3,7,2,2,4
7182,17,13,7,3,4,0,2,8,1,1,3
7183,18,13,5,4,7,1,3,9,0,2,4
7184,24,10,8,3,2,2,3,5,2,1,8
7188,16,7,6,3,5,6,1,3,6,1,1
7189,18,11,1,3,2,0,4,8,2,0,7
7190,17,11,4,3,2,0,2,4,1,2,0
7191,14,12,6,3,4,2,3,5,4,0,3
7192,14,12,0,2,3,1,2,3,1,1,9
7193,19,14,3,4,4,0,2,8,3,0,15
7194,9,10,5,3,5,3,2,4,3,1,19
7195,18,11,5,3,3,1,3,9,3,0,10
7196,10,8,4,4,1,3,1,2,4,4,4
7197,23,15,7,4,3,0,2,5,3,3,11
7198,14,11,4,3,2,0,2,8,2,0,17
7199,21,9,2,4,2,0,2,14,3,0,7
7202,9,11,1,1,3,5,0,1,6,0,0
7203,6,14,0,1,4,1,4,5,0,6,28
7204,22,8,6,1,1,2,4,8,2,1,16
7205,17,16,3,2,1,1,2,6,0,1,3
7206,27,9,5,3,8,1,2,6,3,1,12
7207,17,9,2,4,2,0,0,14,0,1,16
7208,23,7,5,1,2,2,2,10,2,1,8
7209,17,10,1,2,1,1,2,10,0,1,15
7210,15,14,3,3,3,1,3,11,0,1,4
7211,14,10,3,2,7,2,4,6,1,7,12
7216,22,12,8,5,5,2,1,5,2,3,19
7217,8,10,2,1,4,6,1,3,2,1,5
7220,2,0,0,0,0,0,0,1,0,6,19
7221,15,10,6,1,4,3,6,4,2,2,1
7222,9,9,1,2,3,1,2,4,1,2,18
7223,10,10,8,0,4,3,4,4,3,1,11
7224,15,10,6,1,4,3,6,4,2,1,5
7225,3,0,0,0,0,0,0,2,0,6,19
7226,11,8,3,1,3,1,2,4,2,2,5
7227,6,3,3,1,1,3,2,2,0,1,22
7228,11,6,2,1,2,1,2,4,2,2,4
7229,14,9,4,0,2,1,4,9,2,1,8
7230,16,11,2,1,3,1,1,6,1,2,17
7231,20,14,6,2,5,0,0,7,0,1,17
7232,11,10,5,1,2,1,2,3,2,1,7
7233,12,10,3,3,2,1,2,8,0,3,14
7234,18,13,5,0,1,0,2,9,1,1,11
7235,12,18,5,0,8,6,0,1,0,2,1
7236,24,13,2,2,4,3,0,4,2,1,8
7237,11,15,6,3,7,0,2,4,2,1,9
7238,19,14,6,1,3,0,2,9,1,1,15
7239,10,12,0,4,0,3,2,2,0,2,10
7240,10,9,3,4,2,2,0,2,4,2,6
7242,11,5,5,1,3,4,2,2,3,2,2
7244,11,7,5,1,3,3,3,1,2,1,3
7245,17,6,5,4,4,1,5,7,1,2,9
7246,20,14,2,0,2,4,3,4,3,2,5
7247,17,16,5,0,1,0,2,10,1,1,6
7248,14,10,0,3,0,2,4,6,1,0,6
7249,18,12,0,3,3,2,2,12,1,1,7
7250,15,18,3,4,2,3,1,5,2,2,0
7252,9,13,3,2,2,1,3,2,4,3,2
7253,15,9,2,0,4,4,3,4,4,1,8
7256,12,14,2,0,3,4,2,3,4,1,7
7257,8,13,1,0,3,5,1,3,1,0,3
7258,17,10,7,1,3,3,4,6,3,2,11
7259,15,14,3,0,3,3,2,7,2,5,19
7260,16,12,5,1,7,1,2,3,2,1,9
7261,12,14,8,1,6,3,4,5,3,2,21
7262,7,11,2,1,6,6,5,3,4,1,13
7263,10,13,4,0,7,3,1,3,1,1,0
7264,13,19,2,1,5,10,1,6,2,0,6
7265,17,16,5,2,4,2,1,6,3,1,10
7266,8,7,4,0,2,3,1,0,3,2,13
7267,11,10,5,0,4,2,1,8,4,0,15
7268,11,13,4,0,2,4,2,5,3,1,5
7269,12,10,2,0,2,14,1,2,4,1,0
7270,12,18,4,0,2,3,2,5,2,1,6
7271,12,14,2,1,2,8,2,6,4,2,14
7272,9,11,1,1,0,2,2,3,2,1,11
7273,20,12,6,0,4,2,3,3,2,3,10
7274,11,19,2,0,10,7,1,3,0,3,3
7276,19,11,5,0,3,2,4,4,1,3,0
7277,0,0,1,0,0,0,1,0,0,2,5
7278,21,9,3,1,0,3,3,9,1,1,15
7279,9,10,5,1,4,3,0,0,3,2,6
7280,16,21,2,1,3,7,4,6,3,0,13
7281,21,13,3,0,3,4,2,5,2,2,12
7283,10,12,0,0,6,9,0,1,0,1,8
7284,11,11,3,0,7,2,1,1,1,0,4
7285,18,18,4,4,1,0,4,3,2,2,2
7286,15,11,0,4,0,1,3,4,1,2,13
7287,20,13,6,1,6,4,3,5,2,1,15
7288,13,11,7,0,3,5,0,2,1,2,31
7289,11,6,4,0,1,1,0,2,0,5,22
7291,11,14,7,1,6,3,3,4,3,2,13
7292,6,10,3,1,3,7,2,4,4,1,11
7296,14,10,5,7,2,2,1,8,3,2,8
7297,14,11,2,5,3,9,3,7,2,1,3
7298,15,12,8,4,1,5,1,8,2,1,13
7299,16,22,2,1,5,1,5,6,1,3,5
7301,14,10,7,4,3,2,1,3,4,3,13
7302,13,14,5,3,5,1,1,4,1,1,5
7303,9,5,4,0,1,3,2,8,3,3,12
7309,12,7,5,0,1,4,1,8,5,3,5
7311,11,16,4,2,5,9,1,8,4,0,13
7312,11,7,5,2,5,2,1,5,1,3,11
7313,7,8,4,0,0,4,2,0,4,3,6
7314,12,9,5,1,2,5,4,4,5,3,2
7315,13,6,5,3,4,2,4,2,1,1,11
7316,11,6,4,3,4,2,4,2,2,1,12
7317,9,6,4,3,4,2,4,2,2,1,18
7318,12,8,4,3,4,2,4,2,2,1,9
7319,10,7,4,1,1,5,5,4,2,1,7
7320,12,9,2,0,5,5,1,1,2,1,4
7321,12,9,2,0,3,6,1,1,3,1,5
7322,18,5,7,6,5,3,1,6,3,3,9
7323,17,9,5,0,6,0,4,9,1,1,17
7324,15,11,5,0,3,0,5,5,1,1,21
7326,14,9,5,4,3,1,1,2,3,2,16
7327,8,10,6,0,7,1,1,2,1,2,4
7328,15,13,1,1,3,3,4,3,1,3,3
7329,14,12,1,6,3,1,5,7,4,3,9
7331,3,5,3,1,3,1,0,0,1,4,10
7332,13,21,3,1,5,11,2,5,3,1,1
7333,15,10,4,0,4,1,4,2,3,0,1
7334,14,5,3,0,12,8,0,2,5,1,2
7335,18,14,5,0,3,4,3,3,1,3,3
7336,17,9,4,1,1,4,4,6,1,1,8
7337,18,14,4,2,3,10,1,6,2,1,18
7338,11,8,3,3,5,3,1,3,5,2,9
7339,7,8,2,1,3,3,4,1,4,2,5
7340,12,9,4,0,4,9,0,5,2,2,8
7341,20,14,7,2,4,4,2,5,3,1,5
7342,20,14,5,2,5,2,1,6,4,2,10
7343,20,6,4,1,3,2,2,9,1,1,17
7344,0,0,0,0,0,0,0,2,0,1,14
7345,0,0,0,0,0,0,0,3,1,1,7
7346,9,9,3,0,4,8,2,2,1,1,12
7347,9,10,7,3,5,4,2,5,3,2,0
7348,7,7,4,3,4,5,2,1,2,2,8
7349,3,9,4,2,4,5,1,1,2,1,8
7350,6,10,5,2,4,5,1,1,2,1,4
7351,8,7,7,0,2,3,2,1,4,2,4
7352,7,8,3,3,4,4,2,1,1,5,2
7353,4,7,5,1,6,4,2,1,1,1,8
7354,0,2,0,0,0,1,0,0,1,0,26
7355,8,6,6,4,2,1,2,2,0,1,0
7356,19,19,5,1,7,2,2,4,1,2,16
7357,15,9,7,1,2,3,4,5,2,1,8
7359,1,0,1,1,0,0,1,0,0,6,3
7360,21,9,9,3,3,2,1,5,2,2,6
7361,11,9,3,3,5,6,6,2,3,2,1
7362,11,9,4,3,5,6,6,2,3,3,11
7363,8,8,3,3,4,3,4,0,2,2,0
7364,9,8,2,2,2,2,5,2,2,0,15
7365,8,10,4,1,3,4,4,1,2,3,20
7366,13,14,1,1,5,1,5,4,1,5,19
7367,21,15,4,5,5,0,2,8,4,0,15
7368,18,15,0,4,2,2,3,11,1,0,6
7371,9,8,4,2,4,9,1,5,7,1,2
7373,21,16,4,2,6,5,0,4,1,1,15
7374,15,11,7,2,5,5,3,3,1,0,17
7375,16,10,4,0,2,2,1,7,4,0,6
7376,6,7,4,0,3,2,3,4,1,2,3
7377,9,8,4,1,3,2,2,3,2,2,22
7378,6,8,4,1,3,2,3,3,1,2,11
7379,9,10,4,1,4,3,0,1,3,3,9
7380,17,10,4,2,5,2,6,2,3,2,7
7381,16,7,4,3,6,9,1,3,6,1,16
7383,6,11,2,0,1,7,1,3,2,2,13
7384,14,11,5,0,1,3,3,4,1,3,0
7385,18,14,2,0,2,3,4,7,1,0,3
7386,12,13,3,2,1,0,3,3,0,0,14
7387,6,10,4,3,5,5,1,1,2,1,4
7388,8,7,7,0,2,3,2,1,4,2,12
7389,9,11,4,0,4,2,1,2,1,1,11
7391,12,11,2,0,2,13,2,2,3,1,25
7395,7,6,4,0,2,3,2,0,3,2,8
7398,11,11,2,0,1,6,1,2,1,3,8
7399,12,11,6,0,4,3,4,6,3,3,13
7400,1,4,2,0,0,0,0,3,2,2,0
7403,11,9,6,2,5,7,1,4,4,3,2
7404,8,12,4,2,5,3,7,3,3,1,5
7406,14,12,0,1,3,3,3,1,2,0,3
7408,6,10,0,0,3,5,1,3,0,0,0
7409,14,17,2,1,1,4,4,8,1,0,13
7410,10,15,5,2,5,7,0,7,3,2,5
7411,7,14,1,0,5,1,4,4,0,6,14
7412,17,9,3,7,4,2,3,6,4,2,17
7414,12,7,4,2,5,2,3,8,2,2,4
7415,16,8,3,2,6,2,2,8,2,3,7
7416,21,15,5,0,2,2,0,6,2,4,14
7417,16,10,2,0,7,8,0,2,4,0,2
7418,9,9,2,0,4,6,0,3,0,1,11
7420,18,8,3,2,3,2,3,2,5,2,6
7422,17,10,2,3,3,2,2,7,3,2,12
7424,13,7,3,1,4,2,1,2,1,1,2
7425,4,0,1,0,1,1,0,2,0,5,21
7427,7,9,5,0,2,6,4,0,5,3,14
7428,11,12,4,1,2,3,4,0,3,4,24
7429,6,13,5,1,0,1,4,2,2,2,5
7430,7,8,5,0,2,1,2,1,2,1,1
7431,14,9,4,1,4,10,0,6,2,3,13
7432,21,14,6,1,6,5,1,3,2,1,23
7433,8,5,0,1,1,2,1,2,1,0,12
7434,14,7,6,3,4,4,2,3,3,2,16
7435,9,11,3,2,6,3,3,5,3,1,1
7437,11,7,6,4,2,3,1,4,5,2,4
7438,19,13,6,1,3,2,4,4,2,2,6
7440,11,2,5,1,3,4,2,2,3,4,0
7441,15,9,7,0,3,3,4,9,2,2,8
7443,11,12,5,0,3,3,1,6,5,0,6
7444,14,9,7,1,3,1,2,7,0,3,6
7445,6,2,2,0,4,3,1,11,2,2,16
7446,10,7,4,0,3,5,2,8,4,3,9
7447,9,9,4,0,2,5,1,1,0,2,12
7448,5,4,4,0,2,2,1,1,2,3,16
7449,3,0,2,0,1,0,0,1,0,3,2
7450,5,8,1,1,3,3,4,2,4,2,9
7451,18,8,6,7,4,5,0,5,5,3,28
7452,12,14,5,2,4,8,0,9,4,0,12
7453,12,12,5,2,1,4,1,8,4,0,9
7454,2,2,1,0,0,1,0,0,1,4,10
7455,3,2,0,1,0,0,0,0,0,4,1
7457,12,16,1,0,2,2,0,4,2,2,0
7458,14,11,2,1,4,2,3,3,1,0,8
7459,9,12,4,2,6,1,2,3,1,1,5
7460,17,11,6,1,3,2,4,4,1,3,13
7461,7,3,2,0,0,1,1,1,0,2,23
7462,14,13,2,0,5,3,1,2,3,0,5
7465,7,5,3,1,3,2,3,1,1,2,4
7466,15,14,4,2,1,1,2,0,2,2,1
7467,11,10,3,0,2,4,3,4,0,3,0
7468,16,5,3,0,9,6,1,1,4,1,8
7469,12,10,2,0,9,5,0,1,2,1,4
7471,10,6,5,0,4,3,0,1,2,5,15
7473,22,11,2,6,5,1,4,5,4,2,9
7474,17,8,5,0,3,1,4,9,2,1,22
7475,19,13,3,1,5,3,0,4,1,0,14
7476,9,16,3,1,5,1,1,2,2,2,9
7477,11,18,3,2,4,1,1,3,2,1,18
7478,2,0,0,0,0,0,0,1,0,6,17
7479,13,9,8,2,2,1,1,1,1,4,9
7480,13,14,3,2,1,0,3,0,2,5,11
7483,8,10,7,1,6,4,6,2,2,1,0
7484,14,14,2,2,5,2,6,1,3,2,1
7485,10,13,2,2,5,2,6,1,3,2,1
7486,8,11,7,0,4,5,5,1,0,1,13
7487,10,11,7,1,5,5,4,5,2,0,9
7488,2,0,1,1,0,0,1,0,0,7,1
7489,19,16,3,2,3,4,1,2,3,1,18
7492,11,18,4,1,1,1,5,7,2,3,9
7493,18,19,4,2,1,1,5,5,1,1,12
7494,18,10,3,0,2,4,5,3,3,1,1
7496,11,10,3,1,3,1,2,7,1,2,15
7497,22,19,7,3,7,0,1,11,3,1,8
7501,18,9,9,1,2,2,3,8,1,2,7
7502,11,18,2,0,10,6,1,2,1,3,1
7503,11,11,5,0,5,5,3,1,1,1,5
7504,7,10,5,0,1,3,1,1,3,1,4
7505,19,13,5,1,8,4,0,3,2,2,15
7506,17,15,3,1,9,4,1,2,2,2,8
7508,17,8,8,2,4,2,1,3,5,3,17
7514,14,9,5,0,4,4,0,2,1,3,23
7515,6,4,4,0,3,2,0,1,3,7,19
7516,7,4,5,0,3,3,0,1,3,7,10
7517,2,0,1,0,0,0,0,1,0,7,21
7518,3,3,0,1,1,1,0,0,1,2,27
7519,3,4,5,1,4,1,2,1,1,1,2
7520,15,13,6,3,5,0,2,7,0,2,1
7521,13,11,8,2,5,0,5,6,2,2,4
7522,11,13,4,5,1,1,4,7,1,1,15
7523,20,8,7,5,4,6,1,4,5,1,8
7524,21,14,7,3,4,1,2,5,4,3,21
7526,5,12,4,2,4,1,1,5,1,0,5
7527,10,7,3,2,4,2,3,0,3,2,4
7528,8,12,4,0,3,2,5,3,2,3,0
7529,11,12,4,3,4,1,2,1,4,5,1
7530,10,16,3,1,5,11,1,5,2,5,5
7531,14,13,1,1,1,1,2,4,2,2,3
7533,15,16,1,1,5,1,5,5,0,5,27
7534,21,9,1,6,5,1,3,7,4,1,9
7536,24,12,4,3,6,3,2,6,3,1,10
7537,12,15,0,2,0,3,2,1,0,1,7
7538,8,12,3,2,6,6,4,2,3,0,2
7539,9,8,4,1,4,3,1,4,2,1,18
7540,10,10,4,1,4,3,0,0,3,2,0
7541,29,7,7,2,7,1,1,9,3,1,7
7542,8,8,3,1,4,7,5,3,2,0,13
7543,19,10,2,3,4,1,5,8,4,0,7
7545,16,12,3,3,1,0,2,6,0,0,7
7546,16,12,1,3,1,2,2,4,1,1,10
7547,15,15,3,3,3,3,2,3,0,2,4
7548,13,9,1,0,3,5,3,5,1,2,7
7549,12,12,4,2,3,4,1,9,2,0,42
7551,19,17,5,1,7,2,3,5,1,2,17
7552,7,7,3,0,3,2,3,3,2,2,17
7553,7,9,7,1,2,3,3,2,4,5,9
7554,8,5,7,1,3,3,1,1,4,4,7
7555,10,5,5,1,2,1,1,1,2,5,10
7556,10,6,5,1,2,1,1,1,2,3,3
7557,15,13,5,0,3,4,0,2,0,4,20
7558,2,1,0,0,1,1,0,0,0,3,11
7559,13,13,6,4,2,0,2,1,2,4,5
7561,4,9,6,1,2,7,3,3,3,2,8
7562,8,11,6,3,1,9,3,2,3,1,10
7563,6,8,5,0,3,9,1,1,4,1,5
7564,6,9,5,1,1,9,2,0,3,1,20
7565,13,7,1,2,5,10,2,9,5,1,6
7566,11,8,1,1,4,10,4,6,4,0,15
7567,5,2,5,0,1,3,0,1,2,3,11
7568,10,11,4,1,1,1,0,3,2,1,23
7569,9,3,3,1,4,6,1,1,4,5,3
7570,18,14,7,2,4,7,2,5,3,0,4
7571,7,4,2,0,5,4,0,10,2,2,18
7572,3,4,3,1,3,1,1,0,1,2,6
7575,26,17,4,3,5,3,2,4,1,2,13
7576,26,20,4,3,3,1,4,7,0,2,20
7577,11,12,6,4,6,3,1,5,5,2,20
7579,12,10,4,1,2,2,3,2,1,2,2
7580,13,14,5,2,0,2,4,4,2,1,13
7581,15,10,6,1,3,2,2,7,0,1,2
7582,0,3,3,0,1,2,2,0,2,0,0
7583,3,0,0,1,0,0,0,0,0,6,7
7584,7,8,3,0,9,5,3,0,5,0,4
7585,2,6,3,0,6,4,3,0,2,1,8
7586,4,6,6,1,11,5,3,1,3,1,9
7587,5,4,1,1,1,0,3,1,0,3,5
7588,7,1,3,1,3,1,2,0,1,2,7
7589,3,1,1,1,1,0,0,1,0,6,10
7590,5,3,3,2,4,1,0,1,0,3,14
7591,10,10,4,2,4,6,2,2,2,1,0
7593,5,5,4,5,5,1,5,2,1,0,10
7594,5,5,5,4,4,2,4,2,1,0,1
7595,3,4,2,1,1,2,1,0,2,4,10
7596,5,3,10,2,5,3,2,2,5,3,11
7597,9,7,6,1,4,4,3,1,2,2,4
7598,9,7,5,1,4,4,3,1,2,1,1
7599,11,7,1,1,5,2,3,3,3,0,0
7600,14,17,2,5,2,4,1,7,3,2,0
7601,3,3,1,1,0,1,1,0,1,5,5
7602,5,4,3,1,4,1,1,1,1,2,12
7604,8,4,3,1,1,1,2,3,2,1,5
7605,6,5,6,0,3,4,2,1,1,3,10
7606,4,2,5,0,1,2,1,1,2,2,19
7607,7,6,2,0,3,4,0,12,3,1,7
7608,2,1,0,1,0,0,0,0,0,4,8
7609,2,1,3,1,0,0,1,0,0,4,2
7610,6,11,5,2,5,4,7,2,2,0,2
7611,7,7,4,0,2,3,1,0,2,1,15
7612,3,1,1,0,0,0,0,0,0,1,11
7613,1,0,0,0,0,0,0,0,0,1,7
7614,3,3,0,0,2,2,0,0,3,0,6
7615,1,4,3,0,2,1,0,1,1,0,6
7616,2,1,1,1,0,0,1,0,0,2,3
7617,0,0,0,0,0,0,0,0,0,1,3
7618,1,4,5,1,3,4,2,1,3,2,2
7619,6,6,5,1,2,5,3,3,2,2,0
7620,7,13,5,2,4,5,5,3,5,0,3
7622,4,3,1,0,1,1,0,2,1,3,16
7623,3,3,3,1,3,3,2,1,3,6,7
7624,2,1,1,0,0,0,0,0,0,1,4
7625,9,8,7,1,3,3,3,1,3,2,1
7626,2,1,1,1,0,0,1,0,0,2,2
7627,12,14,0,5,1,1,0,5,1,4,9
7629,0,1,2,1,0,0,3,0,0,0,4
7630,9,6,7,2,4,5,3,1,2,4,21
7631,3,7,3,4,1,3,4,2,0,1,3
7632,5,3,5,2,2,0,1,1,0,1,4
7633,17,14,1,3,4,0,2,9,3,0,14
7634,13,16,3,2,9,6,0,2,1,2,0
7635,10,13,8,1,2,0,2,2,2,0,11
7636,12,9,8,3,2,1,1,1,1,3,4
7637,10,5,5,1,2,1,1,1,2,2,15
7639,14,13,1,1,5,1,6,6,1,4,16
7640,7,7,4,1,3,3,3,0,1,2,1
7641,10,9,4,1,6,3,1,6,3,3,13
7642,10,10,4,1,4,3,0,0,3,2,0
7643,5,6,4,0,3,2,1,3,1,2,3
7644,7,15,5,1,1,1,3,2,3,3,9
7645,4,2,1,0,3,1,0,0,2,0,0
7646,10,12,1,1,4,0,2,6,1,0,1
7647,9,9,1,0,4,4,0,2,1,1,0
7648,16,12,4,1,4,4,3,3,2,1,5
7650,8,9,3,2,4,3,5,1,2,2,0
7654,14,12,8,0,3,4,4,5,3,1,4
7655,5,6,10,3,4,2,2,3,7,3,5
7656,15,10,8,3,4,2,5,5,2,2,8
7657,18,14,5,2,8,2,3,4,2,0,0
7658,6,4,6,1,2,1,1,1,0,2,16
7659,7,13,6,1,0,0,5,2,1,2,7
7660,14,10,3,0,3,7,3,3,3,1,28
7662,12,10,4,1,2,1,2,4,2,2,13
7663,2,3,3,0,3,1,1,0,1,1,0
7664,3,4,0,0,2,0,0,0,0,0,5
7665,3,5,0,0,2,0,0,0,0,0,0
7666,19,13,6,3,5,0,1,12,0,2,1
7667,13,15,5,2,1,0,3,4,2,3,14
7668,10,10,2,0,5,4,1,2,1,1,5
7670,9,7,7,1,4,3,3,1,3,2,6
7671,17,8,4,2,5,4,5,4,4,1,1
7675,14,17,2,2,2,1,3,8,0,2,7
7676,3,4,0,0,2,0,0,0,0,1,6
7677,12,15,5,2,4,1,0,1,3,4,2
7678,7,8,3,0,9,3,4,0,5,0,6
7679,5,8,3,0,9,3,4,0,5,0,3
7680,10,3,3,1,5,4,1,4,4,5,0
7681,14,11,1,2,5,3,1,5,4,1,10
7682,17,14,2,3,4,3,5,7,1,4,24
7684,8,10,2,0,1,7,1,3,1,2,11
7685,19,9,4,0,5,0,5,8,3,1,16
7686,18,14,4,2,9,5,3,3,2,0,14
7687,17,12,4,5,1,3,2,7,1,1,2
7688,12,8,3,1,3,0,2,7,0,2,15
7689,7,4,7,3,4,2,3,1,4,4,17
7691,13,10,4,1,2,1,1,3,2,4,9
7692,9,8,6,3,4,3,2,1,2,1,6
7693,12,15,3,0,3,3,2,5,4,0,12
7694,3,2,4,0,2,4,2,1,5,1,4
7695,9,10,6,1,2,4,4,0,4,4,7
7696,11,12,7,2,2,4,4,2,2,2,6
7698,9,7,4,2,3,2,4,0,3,1,1
7699,13,10,4,4,7,1,2,2,0,2,1
7700,10,10,3,2,8,1,2,2,0,0,8
7701,16,11,3,1,3,0,2,7,0,1,18
7702,24,12,2,2,4,3,0,4,2,1,0
7703,15,10,6,3,7,3,1,3,5,2,8
7704,8,7,2,3,3,2,4,5,4,2,5
7705,21,14,6,2,6,3,1,7,2,0,17
7706,6,6,2,1,3,3,4,7,2,2,13
7707,9,9,1,1,5,1,4,5,0,7,3
7708,7,13,5,1,0,1,5,2,1,2,8
7709,7,7,4,0,3,2,1,3,2,2,1
7710,11,13,2,2,0,1,2,3,2,2,0
7711,19,13,3,5,3,7,2,7,0,1,1
7712,20,14,1,7,2,2,3,6,4,2,19
7713,7,10,2,0,4,4,2,1,1,0,2
7715,6,9,5,1,1,0,4,1,1,3,3
7716,20,11,4,1,6,2,1,9,3,1,10
7717,21,8,5,3,3,0,5,9,3,2,7
7718,16,12,3,3,1,2,3,11,2,1,10
7719,14,10,4,1,3,3,2,8,3,1,25
7720,19,9,4,3,2,0,3,13,2,1,11
7721,15,11,4,0,4,4,3,3,3,0,6
7724,8,11,5,1,3,2,1,5,2,1,5
7725,11,12,3,2,3,3,4,2,1,3,1
7728,16,18,7,2,4,1,2,5,3,1,11
7729,12,11,7,2,2,1,1,0,1,4,7
7730,13,5,3,1,6,2,2,5,1,7,0
7731,9,10,3,1,2,4,2,2,4,0,11
7732,4,3,1,0,0,2,0,0,2,1,4
7733,6,9,2,0,1,4,1,0,4,1,3
7734,3,4,1,0,0,2,1,0,3,1,4
7735,2,2,1,0,0,1,0,0,1,3,9
7736,1,2,1,0,0,0,0,0,0,4,12
7737,2,1,2,0,0,0,0,0,0,4,9
7738,5,3,3,0,0,1,2,0,0,4,13
7739,5,3,4,0,1,1,2,0,0,5,1
7740,6,3,5,0,3,1,3,0,0,1,1
7741,17,10,5,0,3,1,4,10,0,1,13
7742,2,4,2,2,5,3,2,2,1,0,1
7743,2,4,3,1,2,1,1,2,1,0,5
7744,10,4,4,4,3,0,3,0,2,2,2
7745,1,3,3,4,1,0,2,2,0,1,2
7746,4,1,6,2,2,3,5,0,2,3,1
7747,1,2,2,1,5,4,2,1,2,3,1
7748,10,2,4,1,2,1,0,3,0,3,6
7749,8,7,2,0,0,0,2,2,1,2,8
7750,8,9,4,0,3,5,0,1,1,1,6
7751,9,7,3,0,1,0,2,4,2,2,2
7752,3,0,0,0,0,0,0,2,0,6,22
7753,16,13,7,0,4,5,0,2,1,4,15
7754,1,1,2,0,4,5,3,1,3,1,3
7755,5,4,1,0,1,2,1,0,1,2,3
7756,5,2,3,1,4,6,0,0,1,0,7
7757,18,10,5,0,4,1,3,7,1,2,7
7758,3,1,3,1,4,6,0,0,2,0,0
7759,9,8,2,0,7,3,2,0,5,0,6
7760,17,7,5,1,4,3,3,1,3,1,8
7761,19,14,5,1,6,1,1,4,1,0,13
7762,17,15,2,4,2,2,0,6,1,2,5
7765,17,10,6,1,3,1,2,8,1,0,13
7766,11,7,2,2,6,2,2,2,6,2,3
7767,9,6,2,0,7,3,2,0,5,0,4
7768,8,8,0,0,2,5,0,2,1,0,3
7769,5,5,2,0,3,2,0,2,2,3,1
7770,13,16,1,2,2,5,7,4,3,0,9
7771,8,8,1,1,5,9,4,2,4,1,5
7772,12,8,3,1,7,3,0,3,3,0,5
7773,3,3,0,0,1,1,0,0,1,1,0
7774,5,3,0,0,1,1,0,1,1,0,6
7775,2,3,0,0,1,1,0,0,1,0,8
7776,7,4,0,0,2,2,0,1,2,0,9
7777,1,3,4,0,2,5,5,0,4,0,7
7778,0,3,4,0,2,5,5,0,4,3,6
7779,8,5,7,0,3,4,2,1,2,0,5
7780,15,9,5,1,2,2,4,4,1,0,1
7781,11,13,4,1,4,3,0,1,3,1,2
7782,2,2,2,0,4,1,0,1,1,0,1
7783,2,2,3,0,1,1,0,2,2,0,3
7784,1,0,2,0,0,2,0,1,1,0,8
7785,4,1,3,0,2,3,0,0,2,1,4
7787,11,11,3,0,3,3,2,7,3,5,10
7788,11,12,6,0,4,3,4,4,3,3,20
7790,19,7,7,6,5,5,0,4,5,3,15
7791,18,16,1,6,3,1,4,5,1,3,12
7794,8,13,2,0,0,8,2,3,2,3,0
7795,12,13,4,1,0,2,2,7,3,0,12
7796,19,16,5,4,3,2,2,3,3,2,13
7798,20,14,2,4,3,3,0,4,6,2,7
7799,2,2,1,0,1,2,1,0,3,0,3
7800,4,2,2,1,1,3,0,0,3,0,3
7801,4,3,2,0,1,1,2,0,2,1,1
7802,8,9,5,0,1,1,0,1,2,1,10
7803,6,6,2,2,3,5,4,0,5,2,5
7804,14,12,4,2,1,1,0,3,2,1,5
7805,4,3,2,0,2,3,2,0,4,1,11
7806,4,1,2,0,1,2,0,1,1,3,0
7807,5,2,2,2,2,2,0,1,1,2,0
7808,5,5,2,2,3,4,0,0,3,1,7
7809,4,2,2,2,2,3,0,0,1,1,8
7810,11,10,1,0,0,3,4,4,2,3,1
7811,7,3,4,0,2,1,3,0,0,2,0
7812,8,1,3,0,0,2,1,0,1,2,11
7813,8,8,4,0,3,2,3,4,2,2,10
7814,8,1,4,0,0,3,1,0,3,2,5
7815,17,10,5,1,2,1,3,5,0,2,3
7816,11,13,1,0,2,2,3,1,0,1,12
7817,18,9,5,7,2,5,1,5,3,1,13
7818,12,13,4,2,0,4,4,4,5,1,4
7819,5,8,5,1,3,3,1,5,2,2,1
7820,5,10,3,1,3,3,4,3,3,2,15
